ACCOUNT_ID,CUSTOMER_ID,INIT_BALANCE,COUNTRY,ACCOUNT_TYPE,IS_SAR,BANK_ID
0,C_0,96646.86,US,I,false,bank
1,C_1,80707.36,US,I,false,bank
2,C_2,52101.10,US,I,false,bank
3,C_3,90324.40,US,I,false,bank
4,C_4,91267.86,US,I,false,bank
5,C_5,77717.44,US,I,false,bank
6,C_6,69099.23,US,I,false,bank
7,C_7,97479.13,US,I,false,bank
8,C_8,98752.44,US,I,true,bank
9,C_9,88834.29,US,I,true,bank
10,C_10,92168.76,US,I,false,bank
11,C_11,81167.91,US,I,false,bank
12,C_12,73205.69,US,I,false,bank
13,C_13,98213.62,US,I,false,bank
14,C_14,55914.61,US,I,false,bank
15,C_15,55743.03,US,I,false,bank
16,C_16,50963.87,US,I,false,bank
17,C_17,93010.16,US,I,false,bank
18,C_18,92937.23,US,I,false,bank
19,C_19,78765.19,US,I,false,bank
20,C_20,72409.24,US,I,false,bank
21,C_21,93546.54,US,I,false,bank
22,C_22,94007.32,US,I,false,bank
23,C_23,99168.24,US,I,false,bank
24,C_24,53332.53,US,I,true,bank
25,C_25,98268.42,US,I,false,bank
26,C_26,55712.15,US,I,false,bank
27,C_27,73519.93,US,I,false,bank
28,C_28,69375.75,US,I,false,bank
29,C_29,85092.23,US,I,false,bank
30,C_30,55751.12,US,I,false,bank
31,C_31,70795.70,US,I,false,bank
32,C_32,63029.65,US,I,false,bank
33,C_33,59443.26,US,I,false,bank
34,C_34,61343.35,US,I,false,bank
35,C_35,90007.30,US,I,false,bank
36,C_36,89970.50,US,I,false,bank
37,C_37,79124.72,US,I,false,bank
38,C_38,72121.69,US,I,true,bank
39,C_39,72442.82,US,I,false,bank
40,C_40,70798.81,US,I,false,bank
41,C_41,97577.93,US,I,false,bank
42,C_42,53933.01,US,I,false,bank
43,C_43,98240.77,US,I,false,bank
44,C_44,63653.33,US,I,false,bank
45,C_45,75736.41,US,I,false,bank
46,C_46,68646.01,US,I,false,bank
47,C_47,50687.14,US,I,false,bank
48,C_48,86651.57,US,I,false,bank
49,C_49,89135.94,US,I,true,bank
50,C_50,72213.16,US,I,false,bank
51,C_51,60511.57,US,I,false,bank
52,C_52,63002.92,US,I,false,bank
53,C_53,62749.07,US,I,true,bank
54,C_54,98105.52,US,I,false,bank
55,C_55,84735.69,US,I,true,bank
56,C_56,68179.88,US,I,false,bank
57,C_57,74652.77,US,I,false,bank
58,C_58,97111.38,US,I,false,bank
59,C_59,51067.89,US,I,false,bank
60,C_60,84707.30,US,I,false,bank
61,C_61,55069.67,US,I,false,bank
62,C_62,83732.75,US,I,true,bank
63,C_63,76407.42,US,I,false,bank
64,C_64,50082.14,US,I,false,bank
65,C_65,52517.33,US,I,false,bank
66,C_66,90804.48,US,I,false,bank
67,C_67,67761.01,US,I,false,bank
68,C_68,81377.43,US,I,false,bank
69,C_69,50567.74,US,I,false,bank
70,C_70,89530.07,US,I,false,bank
71,C_71,50369.88,US,I,false,bank
72,C_72,94290.68,US,I,false,bank
73,C_73,95321.99,US,I,false,bank
74,C_74,85691.61,US,I,false,bank
75,C_75,90906.82,US,I,false,bank
76,C_76,53369.68,US,I,false,bank
77,C_77,95122.21,US,I,false,bank
78,C_78,95387.76,US,I,false,bank
79,C_79,93633.26,US,I,false,bank
80,C_80,59272.05,US,I,false,bank
81,C_81,94429.59,US,I,false,bank
82,C_82,92319.97,US,I,false,bank
83,C_83,72217.51,US,I,false,bank
84,C_84,59592.95,US,I,false,bank
85,C_85,84852.58,US,I,false,bank
86,C_86,73924.98,US,I,false,bank
87,C_87,79159.90,US,I,false,bank
88,C_88,98628.89,US,I,false,bank
89,C_89,63074.60,US,I,false,bank
90,C_90,71098.81,US,I,false,bank
91,C_91,79032.78,US,I,false,bank
92,C_92,74152.17,US,I,false,bank
93,C_93,77289.73,US,I,true,bank
94,C_94,66364.40,US,I,false,bank
95,C_95,74921.19,US,I,false,bank
96,C_96,77370.04,US,I,false,bank
97,C_97,51591.34,US,I,true,bank
98,C_98,88949.00,US,I,false,bank
99,C_99,97715.52,US,I,false,bank
100,C_100,68393.34,US,I,false,bank
101,C_101,56058.86,US,I,false,bank
102,C_102,98929.48,US,I,false,bank
103,C_103,86399.92,US,I,true,bank
104,C_104,80478.67,US,I,false,bank
105,C_105,96992.68,US,I,false,bank
106,C_106,55467.18,US,I,false,bank
107,C_107,99235.77,US,I,false,bank
108,C_108,69923.27,US,I,true,bank
109,C_109,63078.12,US,I,false,bank
110,C_110,73183.32,US,I,false,bank
111,C_111,82566.74,US,I,false,bank
112,C_112,55093.11,US,I,false,bank
113,C_113,90438.80,US,I,false,bank
114,C_114,98439.41,US,I,false,bank
115,C_115,55406.41,US,I,false,bank
116,C_116,75848.96,US,I,false,bank
117,C_117,60445.79,US,I,true,bank
118,C_118,58317.14,US,I,false,bank
119,C_119,55831.51,US,I,false,bank
120,C_120,78200.13,US,I,false,bank
121,C_121,52040.77,US,I,false,bank
122,C_122,53773.51,US,I,false,bank
123,C_123,78255.36,US,I,false,bank
124,C_124,56055.87,US,I,false,bank
125,C_125,66850.85,US,I,false,bank
126,C_126,86071.34,US,I,false,bank
127,C_127,61911.29,US,I,false,bank
128,C_128,70030.16,US,I,true,bank
129,C_129,50051.64,US,I,false,bank
130,C_130,50273.54,US,I,true,bank
131,C_131,96638.71,US,I,false,bank
132,C_132,69062.07,US,I,false,bank
133,C_133,77099.82,US,I,false,bank
134,C_134,89795.23,US,I,false,bank
135,C_135,71647.94,US,I,false,bank
136,C_136,58485.05,US,I,false,bank
137,C_137,86543.09,US,I,false,bank
138,C_138,89785.81,US,I,false,bank
139,C_139,55661.17,US,I,false,bank
140,C_140,52331.19,US,I,false,bank
141,C_141,67069.84,US,I,false,bank
142,C_142,65254.87,US,I,false,bank
143,C_143,54488.82,US,I,false,bank
144,C_144,58864.57,US,I,false,bank
145,C_145,82764.79,US,I,false,bank
146,C_146,62202.49,US,I,false,bank
147,C_147,66824.86,US,I,false,bank
148,C_148,88617.27,US,I,false,bank
149,C_149,64223.08,US,I,false,bank
150,C_150,91754.97,US,I,false,bank
151,C_151,81030.61,US,I,false,bank
152,C_152,68845.19,US,I,false,bank
153,C_153,89881.35,US,I,false,bank
154,C_154,78773.02,US,I,true,bank
155,C_155,90374.28,US,I,false,bank
156,C_156,79202.47,US,I,false,bank
157,C_157,77384.91,US,I,false,bank
158,C_158,91629.50,US,I,false,bank
159,C_159,92832.85,US,I,false,bank
160,C_160,73973.21,US,I,false,bank
161,C_161,92026.37,US,I,false,bank
162,C_162,78179.75,US,I,false,bank
163,C_163,90316.07,US,I,false,bank
164,C_164,51338.10,US,I,false,bank
165,C_165,54605.16,US,I,false,bank
166,C_166,90774.21,US,I,false,bank
167,C_167,66169.95,US,I,false,bank
168,C_168,77228.70,US,I,false,bank
169,C_169,75194.52,US,I,false,bank
170,C_170,88841.49,US,I,false,bank
171,C_171,74983.79,US,I,false,bank
172,C_172,68701.85,US,I,false,bank
173,C_173,88458.52,US,I,false,bank
174,C_174,62432.55,US,I,false,bank
175,C_175,57760.68,US,I,false,bank
176,C_176,84647.49,US,I,true,bank
177,C_177,82712.44,US,I,true,bank
178,C_178,54334.18,US,I,false,bank
179,C_179,89381.53,US,I,false,bank
180,C_180,78617.45,US,I,true,bank
181,C_181,66588.82,US,I,false,bank
182,C_182,56847.16,US,I,false,bank
183,C_183,62681.07,US,I,false,bank
184,C_184,85602.98,US,I,false,bank
185,C_185,69363.02,US,I,false,bank
186,C_186,54454.41,US,I,false,bank
187,C_187,95202.17,US,I,false,bank
188,C_188,93781.24,US,I,false,bank
189,C_189,67739.04,US,I,false,bank
190,C_190,59330.54,US,I,false,bank
191,C_191,80355.34,US,I,false,bank
192,C_192,59367.80,US,I,false,bank
193,C_193,87490.40,US,I,false,bank
194,C_194,81389.22,US,I,false,bank
195,C_195,62267.85,US,I,false,bank
196,C_196,58634.59,US,I,false,bank
197,C_197,95425.04,US,I,false,bank
198,C_198,76271.71,US,I,false,bank
199,C_199,68732.79,US,I,false,bank
200,C_200,77246.04,US,I,false,bank
201,C_201,56612.89,US,I,false,bank
202,C_202,95606.15,US,I,false,bank
203,C_203,95376.02,US,I,false,bank
204,C_204,50520.55,US,I,false,bank
205,C_205,87577.30,US,I,false,bank
206,C_206,66065.50,US,I,false,bank
207,C_207,89779.81,US,I,false,bank
208,C_208,82779.92,US,I,false,bank
209,C_209,87408.95,US,I,false,bank
210,C_210,75069.80,US,I,false,bank
211,C_211,73834.14,US,I,false,bank
212,C_212,67870.33,US,I,false,bank
213,C_213,64076.29,US,I,false,bank
214,C_214,58024.29,US,I,false,bank
215,C_215,79913.74,US,I,false,bank
216,C_216,85692.25,US,I,false,bank
217,C_217,63268.93,US,I,false,bank
218,C_218,99004.92,US,I,false,bank
219,C_219,70852.92,US,I,false,bank
220,C_220,73171.86,US,I,true,bank
221,C_221,54376.87,US,I,false,bank
222,C_222,78207.57,US,I,false,bank
223,C_223,94089.53,US,I,false,bank
224,C_224,66961.61,US,I,false,bank
225,C_225,77894.62,US,I,false,bank
226,C_226,61710.68,US,I,false,bank
227,C_227,69288.97,US,I,false,bank
228,C_228,91401.31,US,I,false,bank
229,C_229,76511.42,US,I,false,bank
230,C_230,53023.64,US,I,false,bank
231,C_231,64272.02,US,I,false,bank
232,C_232,85620.99,US,I,false,bank
233,C_233,89892.83,US,I,false,bank
234,C_234,73231.73,US,I,false,bank
235,C_235,81942.44,US,I,false,bank
236,C_236,86003.83,US,I,false,bank
237,C_237,76400.65,US,I,false,bank
238,C_238,99453.44,US,I,false,bank
239,C_239,93386.70,US,I,false,bank
240,C_240,97253.51,US,I,false,bank
241,C_241,92308.67,US,I,true,bank
242,C_242,64753.33,US,I,false,bank
243,C_243,78066.47,US,I,false,bank
244,C_244,76972.79,US,I,true,bank
245,C_245,65582.55,US,I,false,bank
246,C_246,89101.70,US,I,false,bank
247,C_247,67216.84,US,I,false,bank
248,C_248,65769.37,US,I,false,bank
249,C_249,51243.06,US,I,false,bank
250,C_250,90689.95,US,I,false,bank
251,C_251,85151.73,US,I,false,bank
252,C_252,67548.22,US,I,false,bank
253,C_253,89823.83,US,I,false,bank
254,C_254,57853.16,US,I,false,bank
255,C_255,76640.44,US,I,false,bank
256,C_256,75384.33,US,I,false,bank
257,C_257,86177.15,US,I,false,bank
258,C_258,66564.70,US,I,false,bank
259,C_259,93326.76,US,I,false,bank
260,C_260,59489.83,US,I,false,bank
261,C_261,52400.62,US,I,false,bank
262,C_262,73242.92,US,I,false,bank
263,C_263,69341.37,US,I,false,bank
264,C_264,96021.27,US,I,false,bank
265,C_265,94262.27,US,I,true,bank
266,C_266,55082.98,US,I,false,bank
267,C_267,59182.21,US,I,false,bank
268,C_268,62675.24,US,I,false,bank
269,C_269,58285.06,US,I,false,bank
270,C_270,79516.88,US,I,false,bank
271,C_271,68901.79,US,I,false,bank
272,C_272,89835.90,US,I,false,bank
273,C_273,60006.61,US,I,false,bank
274,C_274,52292.14,US,I,false,bank
275,C_275,77084.42,US,I,false,bank
276,C_276,95371.91,US,I,false,bank
277,C_277,53247.36,US,I,false,bank
278,C_278,96548.31,US,I,false,bank
279,C_279,55701.62,US,I,false,bank
280,C_280,97764.03,US,I,false,bank
281,C_281,55430.42,US,I,false,bank
282,C_282,92206.66,US,I,false,bank
283,C_283,88885.71,US,I,false,bank
284,C_284,72699.13,US,I,false,bank
285,C_285,70792.84,US,I,false,bank
286,C_286,60165.65,US,I,false,bank
287,C_287,72014.73,US,I,false,bank
288,C_288,66011.77,US,I,false,bank
289,C_289,77979.05,US,I,false,bank
290,C_290,92805.30,US,I,false,bank
291,C_291,51959.19,US,I,false,bank
292,C_292,87244.18,US,I,false,bank
293,C_293,73428.34,US,I,false,bank
294,C_294,86172.18,US,I,false,bank
295,C_295,92707.76,US,I,true,bank
296,C_296,78778.08,US,I,false,bank
297,C_297,67065.05,US,I,false,bank
298,C_298,92730.84,US,I,false,bank
299,C_299,90196.53,US,I,false,bank
300,C_300,94758.12,US,I,false,bank
301,C_301,86021.85,US,I,false,bank
302,C_302,78505.55,US,I,false,bank
303,C_303,91437.39,US,I,false,bank
304,C_304,79703.98,US,I,false,bank
305,C_305,72336.95,US,I,false,bank
306,C_306,85091.07,US,I,false,bank
307,C_307,99972.50,US,I,false,bank
308,C_308,60781.71,US,I,false,bank
309,C_309,96019.96,US,I,false,bank
310,C_310,93529.07,US,I,false,bank
311,C_311,51828.77,US,I,false,bank
312,C_312,54189.90,US,I,false,bank
313,C_313,83365.97,US,I,false,bank
314,C_314,75033.94,US,I,false,bank
315,C_315,59175.81,US,I,false,bank
316,C_316,93187.82,US,I,false,bank
317,C_317,50017.22,US,I,false,bank
318,C_318,53873.81,US,I,false,bank
319,C_319,78127.60,US,I,false,bank
320,C_320,60671.73,US,I,false,bank
321,C_321,77894.36,US,I,false,bank
322,C_322,97815.08,US,I,false,bank
323,C_323,50897.18,US,I,false,bank
324,C_324,55136.59,US,I,false,bank
325,C_325,84953.08,US,I,false,bank
326,C_326,89148.21,US,I,false,bank
327,C_327,66437.14,US,I,false,bank
328,C_328,56505.33,US,I,true,bank
329,C_329,67592.55,US,I,false,bank
330,C_330,71887.90,US,I,false,bank
331,C_331,68099.56,US,I,true,bank
332,C_332,51191.17,US,I,false,bank
333,C_333,96167.09,US,I,false,bank
334,C_334,51686.87,US,I,false,bank
335,C_335,53651.68,US,I,false,bank
336,C_336,77660.96,US,I,false,bank
337,C_337,88057.71,US,I,false,bank
338,C_338,58570.94,US,I,false,bank
339,C_339,57982.26,US,I,false,bank
340,C_340,56262.11,US,I,false,bank
341,C_341,85678.24,US,I,false,bank
342,C_342,93476.55,US,I,false,bank
343,C_343,69370.62,US,I,false,bank
344,C_344,60341.72,US,I,false,bank
345,C_345,89249.98,US,I,false,bank
346,C_346,88999.74,US,I,false,bank
347,C_347,75312.22,US,I,false,bank
348,C_348,84729.48,US,I,true,bank
349,C_349,97678.49,US,I,true,bank
350,C_350,77809.98,US,I,false,bank
351,C_351,71098.57,US,I,false,bank
352,C_352,63980.85,US,I,false,bank
353,C_353,52847.46,US,I,false,bank
354,C_354,76155.90,US,I,false,bank
355,C_355,73286.18,US,I,false,bank
356,C_356,76728.60,US,I,false,bank
357,C_357,81687.23,US,I,false,bank
358,C_358,76264.85,US,I,false,bank
359,C_359,95985.07,US,I,false,bank
360,C_360,72197.77,US,I,false,bank
361,C_361,84978.62,US,I,false,bank
362,C_362,61069.01,US,I,false,bank
363,C_363,50580.99,US,I,false,bank
364,C_364,85411.03,US,I,false,bank
365,C_365,50412.81,US,I,false,bank
366,C_366,93543.22,US,I,false,bank
367,C_367,70594.66,US,I,false,bank
368,C_368,83055.56,US,I,false,bank
369,C_369,93680.80,US,I,false,bank
370,C_370,73184.16,US,I,false,bank
371,C_371,91724.79,US,I,false,bank
372,C_372,78402.52,US,I,false,bank
373,C_373,57878.66,US,I,false,bank
374,C_374,81579.85,US,I,false,bank
375,C_375,72431.55,US,I,false,bank
376,C_376,88175.21,US,I,false,bank
377,C_377,68318.44,US,I,false,bank
378,C_378,96069.59,US,I,false,bank
379,C_379,87459.68,US,I,false,bank
380,C_380,67431.20,US,I,false,bank
381,C_381,94504.72,US,I,false,bank
382,C_382,84630.82,US,I,false,bank
383,C_383,68998.58,US,I,false,bank
384,C_384,80738.59,US,I,false,bank
385,C_385,99882.13,US,I,false,bank
386,C_386,58097.50,US,I,false,bank
387,C_387,70480.14,US,I,false,bank
388,C_388,58938.16,US,I,false,bank
389,C_389,60640.15,US,I,false,bank
390,C_390,57850.11,US,I,false,bank
391,C_391,79113.23,US,I,false,bank
392,C_392,54879.56,US,I,false,bank
393,C_393,91343.91,US,I,false,bank
394,C_394,90738.68,US,I,true,bank
395,C_395,93618.63,US,I,false,bank
396,C_396,56187.91,US,I,false,bank
397,C_397,82124.70,US,I,true,bank
398,C_398,74699.24,US,I,false,bank
399,C_399,81962.53,US,I,false,bank
400,C_400,75504.21,US,I,false,bank
401,C_401,95253.00,US,I,false,bank
402,C_402,85213.89,US,I,true,bank
403,C_403,71394.77,US,I,false,bank
404,C_404,57450.31,US,I,false,bank
405,C_405,59174.63,US,I,false,bank
406,C_406,62218.94,US,I,false,bank
407,C_407,72312.71,US,I,false,bank
408,C_408,79576.44,US,I,false,bank
409,C_409,98906.23,US,I,false,bank
410,C_410,56254.58,US,I,false,bank
411,C_411,79476.70,US,I,false,bank
412,C_412,64563.24,US,I,false,bank
413,C_413,66150.92,US,I,false,bank
414,C_414,81651.36,US,I,false,bank
415,C_415,72987.92,US,I,false,bank
416,C_416,61793.79,US,I,false,bank
417,C_417,87718.62,US,I,false,bank
418,C_418,85891.45,US,I,false,bank
419,C_419,59835.63,US,I,false,bank
420,C_420,99294.81,US,I,false,bank
421,C_421,77148.23,US,I,false,bank
422,C_422,52455.19,US,I,false,bank
423,C_423,88102.61,US,I,false,bank
424,C_424,74390.44,US,I,true,bank
425,C_425,61052.28,US,I,false,bank
426,C_426,96004.47,US,I,false,bank
427,C_427,64010.84,US,I,false,bank
428,C_428,54415.83,US,I,false,bank
429,C_429,81437.96,US,I,false,bank
430,C_430,63172.91,US,I,false,bank
431,C_431,73896.19,US,I,false,bank
432,C_432,54204.55,US,I,false,bank
433,C_433,91057.66,US,I,false,bank
434,C_434,53957.99,US,I,false,bank
435,C_435,67588.54,US,I,false,bank
436,C_436,88498.17,US,I,false,bank
437,C_437,52652.54,US,I,false,bank
438,C_438,83049.49,US,I,false,bank
439,C_439,77937.55,US,I,false,bank
440,C_440,59391.03,US,I,false,bank
441,C_441,93474.81,US,I,false,bank
442,C_442,91145.06,US,I,false,bank
443,C_443,98749.82,US,I,false,bank
444,C_444,84831.21,US,I,false,bank
445,C_445,62146.72,US,I,false,bank
446,C_446,52368.90,US,I,false,bank
447,C_447,81501.95,US,I,false,bank
448,C_448,69138.57,US,I,false,bank
449,C_449,61278.81,US,I,false,bank
450,C_450,97471.47,US,I,false,bank
451,C_451,95138.21,US,I,false,bank
452,C_452,83632.39,US,I,false,bank
453,C_453,68649.53,US,I,false,bank
454,C_454,70286.35,US,I,false,bank
455,C_455,64686.05,US,I,false,bank
456,C_456,94673.92,US,I,false,bank
457,C_457,90816.56,US,I,false,bank
458,C_458,51139.47,US,I,false,bank
459,C_459,99877.87,US,I,false,bank
460,C_460,55671.67,US,I,false,bank
461,C_461,85915.70,US,I,false,bank
462,C_462,70225.92,US,I,false,bank
463,C_463,88540.44,US,I,true,bank
464,C_464,76420.57,US,I,false,bank
465,C_465,79677.64,US,I,false,bank
466,C_466,82409.05,US,I,false,bank
467,C_467,78149.56,US,I,false,bank
468,C_468,80910.83,US,I,false,bank
469,C_469,57345.83,US,I,false,bank
470,C_470,65881.40,US,I,false,bank
471,C_471,51077.64,US,I,false,bank
472,C_472,56952.10,US,I,false,bank
473,C_473,61241.62,US,I,false,bank
474,C_474,66484.25,US,I,false,bank
475,C_475,64699.11,US,I,false,bank
476,C_476,79736.70,US,I,false,bank
477,C_477,77445.82,US,I,false,bank
478,C_478,50320.15,US,I,false,bank
479,C_479,81920.72,US,I,false,bank
480,C_480,67373.56,US,I,false,bank
481,C_481,78842.08,US,I,false,bank
482,C_482,68977.73,US,I,false,bank
483,C_483,57820.15,US,I,false,bank
484,C_484,63398.07,US,I,false,bank
485,C_485,63684.90,US,I,true,bank
486,C_486,58356.85,US,I,false,bank
487,C_487,63934.17,US,I,false,bank
488,C_488,61379.71,US,I,false,bank
489,C_489,66445.00,US,I,false,bank
490,C_490,83031.94,US,I,false,bank
491,C_491,75061.44,US,I,false,bank
492,C_492,65443.81,US,I,false,bank
493,C_493,82150.86,US,I,false,bank
494,C_494,53708.81,US,I,false,bank
495,C_495,91071.36,US,I,false,bank
496,C_496,61323.03,US,I,false,bank
497,C_497,84984.90,US,I,false,bank
498,C_498,88239.04,US,I,false,bank
499,C_499,98841.80,US,I,false,bank
500,C_500,85104.35,US,I,false,bank
501,C_501,57910.36,US,I,false,bank
502,C_502,78073.32,US,I,false,bank
503,C_503,97101.13,US,I,false,bank
504,C_504,59028.73,US,I,false,bank
505,C_505,70633.12,US,I,false,bank
506,C_506,74495.33,US,I,false,bank
507,C_507,80575.19,US,I,false,bank
508,C_508,64513.25,US,I,false,bank
509,C_509,58632.12,US,I,false,bank
510,C_510,86742.22,US,I,false,bank
511,C_511,59034.28,US,I,false,bank
512,C_512,90276.05,US,I,false,bank
513,C_513,85530.91,US,I,false,bank
514,C_514,76397.57,US,I,false,bank
515,C_515,67325.44,US,I,false,bank
516,C_516,90976.03,US,I,false,bank
517,C_517,82625.49,US,I,false,bank
518,C_518,82813.09,US,I,false,bank
519,C_519,81207.21,US,I,false,bank
520,C_520,91372.73,US,I,false,bank
521,C_521,96509.65,US,I,false,bank
522,C_522,75026.07,US,I,false,bank
523,C_523,51864.12,US,I,false,bank
524,C_524,95357.79,US,I,false,bank
525,C_525,63341.14,US,I,false,bank
526,C_526,70287.06,US,I,false,bank
527,C_527,86538.89,US,I,false,bank
528,C_528,59376.47,US,I,false,bank
529,C_529,56186.40,US,I,false,bank
530,C_530,87015.28,US,I,false,bank
531,C_531,99935.26,US,I,false,bank
532,C_532,97509.56,US,I,false,bank
533,C_533,55061.45,US,I,true,bank
534,C_534,85134.31,US,I,false,bank
535,C_535,74489.65,US,I,false,bank
536,C_536,74545.45,US,I,false,bank
537,C_537,86692.84,US,I,false,bank
538,C_538,84538.48,US,I,false,bank
539,C_539,63867.17,US,I,false,bank
540,C_540,99189.12,US,I,false,bank
541,C_541,65175.83,US,I,false,bank
542,C_542,56051.25,US,I,false,bank
543,C_543,97084.26,US,I,false,bank
544,C_544,86368.86,US,I,false,bank
545,C_545,53558.44,US,I,false,bank
546,C_546,95589.54,US,I,false,bank
547,C_547,82563.72,US,I,false,bank
548,C_548,74179.92,US,I,false,bank
549,C_549,89154.16,US,I,false,bank
550,C_550,89320.12,US,I,false,bank
551,C_551,86818.09,US,I,false,bank
552,C_552,80973.79,US,I,true,bank
553,C_553,51527.62,US,I,false,bank
554,C_554,72506.84,US,I,true,bank
555,C_555,61669.48,US,I,false,bank
556,C_556,96917.60,US,I,false,bank
557,C_557,95359.08,US,I,false,bank
558,C_558,86536.71,US,I,false,bank
559,C_559,82665.88,US,I,true,bank
560,C_560,74902.97,US,I,false,bank
561,C_561,75526.91,US,I,false,bank
562,C_562,50548.24,US,I,false,bank
563,C_563,51258.30,US,I,false,bank
564,C_564,77497.16,US,I,false,bank
565,C_565,62399.11,US,I,false,bank
566,C_566,62472.38,US,I,false,bank
567,C_567,72795.46,US,I,false,bank
568,C_568,64145.88,US,I,false,bank
569,C_569,72752.94,US,I,false,bank
570,C_570,80261.69,US,I,false,bank
571,C_571,60244.51,US,I,false,bank
572,C_572,99039.40,US,I,false,bank
573,C_573,69156.31,US,I,false,bank
574,C_574,86864.90,US,I,false,bank
575,C_575,72394.50,US,I,false,bank
576,C_576,88999.33,US,I,false,bank
577,C_577,50434.68,US,I,true,bank
578,C_578,86940.04,US,I,false,bank
579,C_579,83666.11,US,I,false,bank
580,C_580,92439.54,US,I,false,bank
581,C_581,92081.21,US,I,false,bank
582,C_582,82837.63,US,I,false,bank
583,C_583,97228.64,US,I,false,bank
584,C_584,79991.15,US,I,false,bank
585,C_585,78288.91,US,I,false,bank
586,C_586,82408.57,US,I,false,bank
587,C_587,52595.49,US,I,false,bank
588,C_588,65498.93,US,I,false,bank
589,C_589,56771.77,US,I,false,bank
590,C_590,79591.77,US,I,false,bank
591,C_591,70938.45,US,I,false,bank
592,C_592,79486.33,US,I,false,bank
593,C_593,77629.73,US,I,true,bank
594,C_594,71178.72,US,I,false,bank
595,C_595,75930.88,US,I,false,bank
596,C_596,99857.73,US,I,false,bank
597,C_597,53669.78,US,I,false,bank
598,C_598,74619.79,US,I,false,bank
599,C_599,86615.79,US,I,false,bank
600,C_600,99316.34,US,I,false,bank
601,C_601,52387.10,US,I,false,bank
602,C_602,79804.97,US,I,false,bank
603,C_603,87187.82,US,I,false,bank
604,C_604,54625.09,US,I,false,bank
605,C_605,68791.67,US,I,false,bank
606,C_606,69580.09,US,I,false,bank
607,C_607,72975.39,US,I,false,bank
608,C_608,94031.48,US,I,false,bank
609,C_609,71307.30,US,I,false,bank
610,C_610,52085.09,US,I,false,bank
611,C_611,62845.71,US,I,false,bank
612,C_612,69285.16,US,I,false,bank
613,C_613,69646.98,US,I,false,bank
614,C_614,85973.22,US,I,false,bank
615,C_615,84299.01,US,I,false,bank
616,C_616,51775.67,US,I,true,bank
617,C_617,55180.32,US,I,false,bank
618,C_618,83063.09,US,I,false,bank
619,C_619,71833.41,US,I,false,bank
620,C_620,85630.00,US,I,false,bank
621,C_621,81115.70,US,I,false,bank
622,C_622,93232.94,US,I,false,bank
623,C_623,52308.79,US,I,false,bank
624,C_624,89209.37,US,I,false,bank
625,C_625,78228.06,US,I,false,bank
626,C_626,80776.39,US,I,true,bank
627,C_627,69694.90,US,I,false,bank
628,C_628,59687.66,US,I,false,bank
629,C_629,57412.80,US,I,false,bank
630,C_630,63623.36,US,I,false,bank
631,C_631,98709.56,US,I,false,bank
632,C_632,52268.58,US,I,false,bank
633,C_633,50192.49,US,I,false,bank
634,C_634,50579.02,US,I,false,bank
635,C_635,66003.45,US,I,false,bank
636,C_636,51514.24,US,I,false,bank
637,C_637,69414.95,US,I,false,bank
638,C_638,71927.79,US,I,false,bank
639,C_639,71839.01,US,I,false,bank
640,C_640,79024.29,US,I,false,bank
641,C_641,97316.91,US,I,false,bank
642,C_642,85171.72,US,I,false,bank
643,C_643,85401.15,US,I,false,bank
644,C_644,57890.48,US,I,true,bank
645,C_645,63785.05,US,I,false,bank
646,C_646,60628.70,US,I,false,bank
647,C_647,77347.66,US,I,false,bank
648,C_648,60129.82,US,I,false,bank
649,C_649,98422.22,US,I,false,bank
650,C_650,55565.22,US,I,false,bank
651,C_651,61594.08,US,I,false,bank
652,C_652,85994.04,US,I,false,bank
653,C_653,81632.61,US,I,false,bank
654,C_654,55195.09,US,I,false,bank
655,C_655,85005.40,US,I,false,bank
656,C_656,52755.68,US,I,false,bank
657,C_657,64737.31,US,I,false,bank
658,C_658,91651.59,US,I,false,bank
659,C_659,64109.98,US,I,false,bank
660,C_660,51458.47,US,I,false,bank
661,C_661,78757.64,US,I,false,bank
662,C_662,58541.08,US,I,false,bank
663,C_663,76652.93,US,I,false,bank
664,C_664,78260.46,US,I,false,bank
665,C_665,58564.41,US,I,false,bank
666,C_666,97125.12,US,I,true,bank
667,C_667,66086.49,US,I,false,bank
668,C_668,83712.85,US,I,false,bank
669,C_669,92765.69,US,I,false,bank
670,C_670,85362.81,US,I,false,bank
671,C_671,85842.37,US,I,false,bank
672,C_672,96107.87,US,I,false,bank
673,C_673,75713.63,US,I,false,bank
674,C_674,63907.21,US,I,false,bank
675,C_675,94618.75,US,I,false,bank
676,C_676,50317.80,US,I,false,bank
677,C_677,89165.07,US,I,false,bank
678,C_678,57525.50,US,I,false,bank
679,C_679,51968.92,US,I,false,bank
680,C_680,64684.05,US,I,false,bank
681,C_681,75231.16,US,I,false,bank
682,C_682,90130.81,US,I,false,bank
683,C_683,60115.72,US,I,false,bank
684,C_684,70205.92,US,I,false,bank
685,C_685,87172.30,US,I,false,bank
686,C_686,88235.32,US,I,false,bank
687,C_687,75209.75,US,I,false,bank
688,C_688,57213.93,US,I,false,bank
689,C_689,78788.93,US,I,false,bank
690,C_690,58476.19,US,I,false,bank
691,C_691,98464.95,US,I,false,bank
692,C_692,69895.11,US,I,false,bank
693,C_693,75981.97,US,I,false,bank
694,C_694,80164.02,US,I,false,bank
695,C_695,78623.08,US,I,false,bank
696,C_696,71010.06,US,I,false,bank
697,C_697,81310.93,US,I,false,bank
698,C_698,66022.99,US,I,false,bank
699,C_699,93730.19,US,I,true,bank
700,C_700,96795.52,US,I,false,bank
701,C_701,53294.83,US,I,false,bank
702,C_702,84886.70,US,I,false,bank
703,C_703,98373.92,US,I,false,bank
704,C_704,52751.41,US,I,false,bank
705,C_705,71011.83,US,I,false,bank
706,C_706,76588.92,US,I,false,bank
707,C_707,87116.69,US,I,false,bank
708,C_708,70282.67,US,I,false,bank
709,C_709,74299.31,US,I,false,bank
710,C_710,85809.04,US,I,false,bank
711,C_711,55193.83,US,I,false,bank
712,C_712,50451.87,US,I,false,bank
713,C_713,72245.04,US,I,false,bank
714,C_714,69816.71,US,I,false,bank
715,C_715,59603.06,US,I,false,bank
716,C_716,73307.26,US,I,false,bank
717,C_717,69049.93,US,I,false,bank
718,C_718,84872.04,US,I,false,bank
719,C_719,92447.23,US,I,false,bank
720,C_720,97086.69,US,I,false,bank
721,C_721,76438.01,US,I,false,bank
722,C_722,69156.48,US,I,true,bank
723,C_723,83885.79,US,I,false,bank
724,C_724,78772.48,US,I,false,bank
725,C_725,71192.55,US,I,false,bank
726,C_726,98410.33,US,I,false,bank
727,C_727,95368.57,US,I,false,bank
728,C_728,77460.46,US,I,false,bank
729,C_729,55394.44,US,I,false,bank
730,C_730,93144.74,US,I,false,bank
731,C_731,93713.35,US,I,true,bank
732,C_732,50486.59,US,I,false,bank
733,C_733,69659.15,US,I,false,bank
734,C_734,54547.39,US,I,false,bank
735,C_735,99005.73,US,I,false,bank
736,C_736,51798.37,US,I,false,bank
737,C_737,77596.14,US,I,false,bank
738,C_738,60836.95,US,I,false,bank
739,C_739,90154.24,US,I,false,bank
740,C_740,84520.52,US,I,false,bank
741,C_741,67656.12,US,I,false,bank
742,C_742,72663.97,US,I,false,bank
743,C_743,92209.28,US,I,false,bank
744,C_744,69482.77,US,I,false,bank
745,C_745,66747.25,US,I,false,bank
746,C_746,81138.49,US,I,false,bank
747,C_747,86964.36,US,I,false,bank
748,C_748,52882.31,US,I,false,bank
749,C_749,62413.05,US,I,false,bank
750,C_750,87800.94,US,I,false,bank
751,C_751,86133.91,US,I,false,bank
752,C_752,69025.63,US,I,false,bank
753,C_753,73491.52,US,I,false,bank
754,C_754,51718.86,US,I,false,bank
755,C_755,55226.62,US,I,false,bank
756,C_756,94206.85,US,I,false,bank
757,C_757,75040.15,US,I,true,bank
758,C_758,51492.52,US,I,false,bank
759,C_759,84677.78,US,I,false,bank
760,C_760,87853.18,US,I,false,bank
761,C_761,56693.88,US,I,false,bank
762,C_762,64161.35,US,I,false,bank
763,C_763,63230.71,US,I,false,bank
764,C_764,67323.14,US,I,false,bank
765,C_765,88758.77,US,I,false,bank
766,C_766,58011.90,US,I,false,bank
767,C_767,72330.76,US,I,false,bank
768,C_768,55493.74,US,I,false,bank
769,C_769,59190.14,US,I,false,bank
770,C_770,54748.24,US,I,false,bank
771,C_771,68454.64,US,I,false,bank
772,C_772,69066.28,US,I,false,bank
773,C_773,80063.49,US,I,false,bank
774,C_774,94867.47,US,I,false,bank
775,C_775,56968.28,US,I,false,bank
776,C_776,84301.34,US,I,false,bank
777,C_777,55261.31,US,I,false,bank
778,C_778,64440.78,US,I,false,bank
779,C_779,73816.15,US,I,false,bank
780,C_780,69229.47,US,I,false,bank
781,C_781,62765.89,US,I,false,bank
782,C_782,90328.71,US,I,false,bank
783,C_783,97368.11,US,I,false,bank
784,C_784,68900.33,US,I,false,bank
785,C_785,60061.06,US,I,false,bank
786,C_786,88980.93,US,I,false,bank
787,C_787,61945.25,US,I,false,bank
788,C_788,55276.34,US,I,false,bank
789,C_789,78791.62,US,I,false,bank
790,C_790,60122.14,US,I,false,bank
791,C_791,84302.03,US,I,false,bank
792,C_792,82575.24,US,I,false,bank
793,C_793,67048.72,US,I,false,bank
794,C_794,62774.53,US,I,false,bank
795,C_795,81732.80,US,I,false,bank
796,C_796,77498.26,US,I,true,bank
797,C_797,60758.21,US,I,false,bank
798,C_798,70358.59,US,I,false,bank
799,C_799,85566.06,US,I,false,bank
800,C_800,51823.96,US,I,false,bank
801,C_801,70171.38,US,I,false,bank
802,C_802,99261.73,US,I,false,bank
803,C_803,55440.93,US,I,false,bank
804,C_804,97509.62,US,I,false,bank
805,C_805,62319.40,US,I,false,bank
806,C_806,82204.33,US,I,false,bank
807,C_807,83511.71,US,I,false,bank
808,C_808,69879.79,US,I,false,bank
809,C_809,93839.36,US,I,false,bank
810,C_810,64165.42,US,I,false,bank
811,C_811,88892.43,US,I,false,bank
812,C_812,77355.36,US,I,false,bank
813,C_813,76142.11,US,I,false,bank
814,C_814,94722.46,US,I,false,bank
815,C_815,81583.47,US,I,false,bank
816,C_816,71417.77,US,I,false,bank
817,C_817,85657.75,US,I,false,bank
818,C_818,61383.83,US,I,false,bank
819,C_819,63677.79,US,I,false,bank
820,C_820,94988.58,US,I,false,bank
821,C_821,85741.31,US,I,false,bank
822,C_822,96848.96,US,I,false,bank
823,C_823,51670.17,US,I,false,bank
824,C_824,77132.65,US,I,false,bank
825,C_825,87440.27,US,I,false,bank
826,C_826,67538.24,US,I,false,bank
827,C_827,95274.69,US,I,false,bank
828,C_828,99336.79,US,I,false,bank
829,C_829,54846.99,US,I,false,bank
830,C_830,80031.86,US,I,false,bank
831,C_831,90292.00,US,I,true,bank
832,C_832,93331.92,US,I,false,bank
833,C_833,63634.34,US,I,false,bank
834,C_834,60420.35,US,I,false,bank
835,C_835,75192.50,US,I,false,bank
836,C_836,89518.62,US,I,false,bank
837,C_837,90749.16,US,I,false,bank
838,C_838,92228.50,US,I,false,bank
839,C_839,64370.21,US,I,false,bank
840,C_840,95279.28,US,I,false,bank
841,C_841,86961.48,US,I,false,bank
842,C_842,87914.26,US,I,false,bank
843,C_843,81178.78,US,I,false,bank
844,C_844,79414.18,US,I,false,bank
845,C_845,59616.52,US,I,false,bank
846,C_846,79133.84,US,I,false,bank
847,C_847,79799.09,US,I,false,bank
848,C_848,82560.31,US,I,false,bank
849,C_849,53552.93,US,I,false,bank
850,C_850,93389.80,US,I,false,bank
851,C_851,69726.40,US,I,false,bank
852,C_852,83440.81,US,I,false,bank
853,C_853,95556.61,US,I,false,bank
854,C_854,74221.81,US,I,false,bank
855,C_855,79228.14,US,I,false,bank
856,C_856,94088.85,US,I,false,bank
857,C_857,51259.18,US,I,false,bank
858,C_858,71111.74,US,I,false,bank
859,C_859,59116.59,US,I,false,bank
860,C_860,69994.72,US,I,false,bank
861,C_861,72123.38,US,I,false,bank
862,C_862,76526.73,US,I,false,bank
863,C_863,89755.39,US,I,false,bank
864,C_864,69412.92,US,I,false,bank
865,C_865,88293.32,US,I,false,bank
866,C_866,50669.15,US,I,false,bank
867,C_867,87264.85,US,I,true,bank
868,C_868,72497.39,US,I,false,bank
869,C_869,88451.84,US,I,false,bank
870,C_870,97975.91,US,I,false,bank
871,C_871,64030.07,US,I,false,bank
872,C_872,65915.56,US,I,false,bank
873,C_873,82060.84,US,I,false,bank
874,C_874,56124.36,US,I,false,bank
875,C_875,89266.80,US,I,false,bank
876,C_876,93104.26,US,I,false,bank
877,C_877,94767.66,US,I,false,bank
878,C_878,63365.01,US,I,false,bank
879,C_879,95205.65,US,I,false,bank
880,C_880,94099.41,US,I,false,bank
881,C_881,53020.28,US,I,false,bank
882,C_882,67809.78,US,I,false,bank
883,C_883,74642.38,US,I,false,bank
884,C_884,75494.48,US,I,false,bank
885,C_885,82918.50,US,I,false,bank
886,C_886,73980.51,US,I,false,bank
887,C_887,57399.27,US,I,false,bank
888,C_888,62682.76,US,I,false,bank
889,C_889,79973.10,US,I,false,bank
890,C_890,59161.68,US,I,false,bank
891,C_891,51613.89,US,I,false,bank
892,C_892,71615.45,US,I,false,bank
893,C_893,63757.07,US,I,false,bank
894,C_894,67071.92,US,I,true,bank
895,C_895,98278.22,US,I,false,bank
896,C_896,53759.05,US,I,false,bank
897,C_897,96726.95,US,I,false,bank
898,C_898,74630.54,US,I,false,bank
899,C_899,65019.70,US,I,false,bank
900,C_900,72667.66,US,I,true,bank
901,C_901,77112.37,US,I,false,bank
902,C_902,59884.84,US,I,false,bank
903,C_903,88522.08,US,I,false,bank
904,C_904,94797.98,US,I,false,bank
905,C_905,96362.22,US,I,false,bank
906,C_906,75133.74,US,I,false,bank
907,C_907,60549.49,US,I,false,bank
908,C_908,66454.84,US,I,false,bank
909,C_909,60911.48,US,I,false,bank
910,C_910,81409.12,US,I,false,bank
911,C_911,97899.08,US,I,false,bank
912,C_912,94898.09,US,I,true,bank
913,C_913,98298.60,US,I,false,bank
914,C_914,54958.33,US,I,false,bank
915,C_915,77353.66,US,I,false,bank
916,C_916,51064.98,US,I,false,bank
917,C_917,63243.32,US,I,false,bank
918,C_918,74100.85,US,I,false,bank
919,C_919,72045.85,US,I,false,bank
920,C_920,79256.91,US,I,false,bank
921,C_921,98824.74,US,I,false,bank
922,C_922,71676.00,US,I,false,bank
923,C_923,90487.10,US,I,false,bank
924,C_924,62410.98,US,I,false,bank
925,C_925,62007.73,US,I,false,bank
926,C_926,63767.48,US,I,false,bank
927,C_927,72662.58,US,I,false,bank
928,C_928,64595.29,US,I,false,bank
929,C_929,87249.85,US,I,false,bank
930,C_930,69552.35,US,I,false,bank
931,C_931,57143.15,US,I,false,bank
932,C_932,72311.77,US,I,false,bank
933,C_933,72915.03,US,I,false,bank
934,C_934,75431.83,US,I,false,bank
935,C_935,54027.42,US,I,false,bank
936,C_936,92624.62,US,I,false,bank
937,C_937,78439.86,US,I,false,bank
938,C_938,65745.62,US,I,false,bank
939,C_939,74372.89,US,I,false,bank
940,C_940,99328.85,US,I,false,bank
941,C_941,91180.80,US,I,false,bank
942,C_942,76945.55,US,I,false,bank
943,C_943,62916.51,US,I,false,bank
944,C_944,75737.23,US,I,false,bank
945,C_945,65666.22,US,I,true,bank
946,C_946,73573.44,US,I,false,bank
947,C_947,61673.51,US,I,false,bank
948,C_948,78496.51,US,I,false,bank
949,C_949,81392.01,US,I,false,bank
950,C_950,86561.27,US,I,false,bank
951,C_951,61292.27,US,I,false,bank
952,C_952,96784.92,US,I,false,bank
953,C_953,86938.14,US,I,false,bank
954,C_954,92750.67,US,I,false,bank
955,C_955,94607.54,US,I,false,bank
956,C_956,73930.64,US,I,true,bank
957,C_957,77295.61,US,I,false,bank
958,C_958,66307.90,US,I,false,bank
959,C_959,77198.82,US,I,false,bank
960,C_960,85110.76,US,I,false,bank
961,C_961,50068.28,US,I,false,bank
962,C_962,59798.44,US,I,false,bank
963,C_963,77525.09,US,I,false,bank
964,C_964,88095.71,US,I,false,bank
965,C_965,77911.73,US,I,false,bank
966,C_966,83306.66,US,I,false,bank
967,C_967,64042.87,US,I,false,bank
968,C_968,89115.07,US,I,false,bank
969,C_969,85449.86,US,I,false,bank
970,C_970,93828.83,US,I,false,bank
971,C_971,98289.97,US,I,false,bank
972,C_972,73479.82,US,I,true,bank
973,C_973,93027.34,US,I,false,bank
974,C_974,53346.90,US,I,false,bank
975,C_975,88880.48,US,I,false,bank
976,C_976,80845.82,US,I,false,bank
977,C_977,73678.43,US,I,false,bank
978,C_978,79210.95,US,I,true,bank
979,C_979,90078.57,US,I,false,bank
980,C_980,66680.35,US,I,false,bank
981,C_981,97678.88,US,I,false,bank
982,C_982,79229.08,US,I,false,bank
983,C_983,67027.02,US,I,false,bank
984,C_984,81671.29,US,I,false,bank
985,C_985,63516.25,US,I,false,bank
986,C_986,68405.80,US,I,false,bank
987,C_987,85516.62,US,I,false,bank
988,C_988,94785.98,US,I,false,bank
989,C_989,50330.86,US,I,false,bank
990,C_990,74207.30,US,I,false,bank
991,C_991,62515.62,US,I,false,bank
992,C_992,90074.90,US,I,false,bank
993,C_993,80418.45,US,I,false,bank
994,C_994,90504.44,US,I,false,bank
995,C_995,80932.87,US,I,false,bank
996,C_996,68596.54,US,I,false,bank
997,C_997,52558.95,US,I,false,bank
998,C_998,53954.58,US,I,false,bank
999,C_999,98859.71,US,I,false,bank
1000,C_1000,50456.61,US,I,false,bank
1001,C_1001,61442.83,US,I,false,bank
1002,C_1002,95229.56,US,I,false,bank
1003,C_1003,65251.80,US,I,false,bank
1004,C_1004,70659.46,US,I,false,bank
1005,C_1005,70007.20,US,I,false,bank
1006,C_1006,65738.27,US,I,false,bank
1007,C_1007,70561.83,US,I,true,bank
1008,C_1008,79852.93,US,I,false,bank
1009,C_1009,56979.17,US,I,false,bank
1010,C_1010,97629.28,US,I,false,bank
1011,C_1011,52402.01,US,I,false,bank
1012,C_1012,56809.61,US,I,false,bank
1013,C_1013,98156.20,US,I,false,bank
1014,C_1014,91623.13,US,I,false,bank
1015,C_1015,54886.20,US,I,false,bank
1016,C_1016,91627.58,US,I,false,bank
1017,C_1017,75063.66,US,I,false,bank
1018,C_1018,75039.85,US,I,false,bank
1019,C_1019,59802.11,US,I,false,bank
1020,C_1020,56163.84,US,I,false,bank
1021,C_1021,62042.61,US,I,false,bank
1022,C_1022,99825.03,US,I,false,bank
1023,C_1023,76532.69,US,I,false,bank
1024,C_1024,96577.40,US,I,false,bank
1025,C_1025,70899.07,US,I,false,bank
1026,C_1026,56868.87,US,I,false,bank
1027,C_1027,94718.06,US,I,false,bank
1028,C_1028,64096.13,US,I,false,bank
1029,C_1029,63476.02,US,I,false,bank
1030,C_1030,74372.58,US,I,false,bank
1031,C_1031,55353.28,US,I,true,bank
1032,C_1032,67587.18,US,I,false,bank
1033,C_1033,91716.20,US,I,false,bank
1034,C_1034,57908.75,US,I,false,bank
1035,C_1035,71284.12,US,I,false,bank
1036,C_1036,58379.57,US,I,false,bank
1037,C_1037,86658.74,US,I,false,bank
1038,C_1038,66575.70,US,I,false,bank
1039,C_1039,53639.43,US,I,false,bank
1040,C_1040,91401.89,US,I,false,bank
1041,C_1041,65632.49,US,I,false,bank
1042,C_1042,65399.00,US,I,false,bank
1043,C_1043,56792.46,US,I,false,bank
1044,C_1044,93733.94,US,I,false,bank
1045,C_1045,62831.17,US,I,false,bank
1046,C_1046,69097.64,US,I,false,bank
1047,C_1047,54155.77,US,I,false,bank
1048,C_1048,51255.76,US,I,false,bank
1049,C_1049,74327.52,US,I,false,bank
1050,C_1050,56160.39,US,I,false,bank
1051,C_1051,50794.07,US,I,false,bank
1052,C_1052,97620.34,US,I,false,bank
1053,C_1053,80786.33,US,I,false,bank
1054,C_1054,78870.01,US,I,false,bank
1055,C_1055,53467.31,US,I,true,bank
1056,C_1056,62994.81,US,I,false,bank
1057,C_1057,56396.11,US,I,false,bank
1058,C_1058,92058.89,US,I,false,bank
1059,C_1059,88119.51,US,I,true,bank
1060,C_1060,87325.34,US,I,false,bank
1061,C_1061,70626.16,US,I,false,bank
1062,C_1062,90490.35,US,I,false,bank
1063,C_1063,93538.11,US,I,false,bank
1064,C_1064,96161.03,US,I,false,bank
1065,C_1065,94120.84,US,I,false,bank
1066,C_1066,82122.92,US,I,false,bank
1067,C_1067,65896.94,US,I,false,bank
1068,C_1068,86188.40,US,I,false,bank
1069,C_1069,74003.60,US,I,false,bank
1070,C_1070,63965.10,US,I,false,bank
1071,C_1071,54154.62,US,I,false,bank
1072,C_1072,94510.27,US,I,false,bank
1073,C_1073,58132.83,US,I,false,bank
1074,C_1074,84511.89,US,I,false,bank
1075,C_1075,52335.07,US,I,false,bank
1076,C_1076,86169.27,US,I,false,bank
1077,C_1077,94542.80,US,I,false,bank
1078,C_1078,97142.20,US,I,false,bank
1079,C_1079,55204.97,US,I,false,bank
1080,C_1080,75254.78,US,I,false,bank
1081,C_1081,87711.60,US,I,false,bank
1082,C_1082,65480.19,US,I,false,bank
1083,C_1083,93000.81,US,I,false,bank
1084,C_1084,68400.12,US,I,false,bank
1085,C_1085,66666.13,US,I,false,bank
1086,C_1086,59509.98,US,I,false,bank
1087,C_1087,61867.56,US,I,false,bank
1088,C_1088,82164.87,US,I,false,bank
1089,C_1089,83269.15,US,I,false,bank
1090,C_1090,76783.70,US,I,false,bank
1091,C_1091,81693.27,US,I,false,bank
1092,C_1092,81614.93,US,I,false,bank
1093,C_1093,92397.49,US,I,false,bank
1094,C_1094,82320.11,US,I,false,bank
1095,C_1095,97523.02,US,I,false,bank
1096,C_1096,95621.06,US,I,false,bank
1097,C_1097,73896.50,US,I,false,bank
1098,C_1098,96914.93,US,I,false,bank
1099,C_1099,84665.86,US,I,false,bank
1100,C_1100,83753.71,US,I,false,bank
1101,C_1101,82015.87,US,I,false,bank
1102,C_1102,67991.74,US,I,false,bank
1103,C_1103,88452.46,US,I,false,bank
1104,C_1104,64699.03,US,I,false,bank
1105,C_1105,70204.01,US,I,false,bank
1106,C_1106,98128.03,US,I,false,bank
1107,C_1107,54897.74,US,I,false,bank
1108,C_1108,50008.70,US,I,false,bank
1109,C_1109,66708.18,US,I,false,bank
1110,C_1110,87022.23,US,I,false,bank
1111,C_1111,94164.13,US,I,false,bank
1112,C_1112,77759.39,US,I,false,bank
1113,C_1113,97584.25,US,I,false,bank
1114,C_1114,93648.12,US,I,false,bank
1115,C_1115,74479.20,US,I,false,bank
1116,C_1116,55719.38,US,I,false,bank
1117,C_1117,64338.24,US,I,false,bank
1118,C_1118,79436.11,US,I,false,bank
1119,C_1119,64254.77,US,I,false,bank
1120,C_1120,75574.20,US,I,false,bank
1121,C_1121,50859.57,US,I,false,bank
1122,C_1122,59537.84,US,I,false,bank
1123,C_1123,57929.92,US,I,false,bank
1124,C_1124,90984.67,US,I,false,bank
1125,C_1125,90805.32,US,I,false,bank
1126,C_1126,66558.14,US,I,false,bank
1127,C_1127,54121.89,US,I,false,bank
1128,C_1128,73657.67,US,I,false,bank
1129,C_1129,86638.67,US,I,false,bank
1130,C_1130,85074.48,US,I,false,bank
1131,C_1131,94179.12,US,I,true,bank
1132,C_1132,93536.53,US,I,false,bank
1133,C_1133,85243.97,US,I,false,bank
1134,C_1134,94872.37,US,I,false,bank
1135,C_1135,58798.87,US,I,false,bank
1136,C_1136,78769.76,US,I,false,bank
1137,C_1137,60200.15,US,I,false,bank
1138,C_1138,62018.65,US,I,false,bank
1139,C_1139,57771.98,US,I,false,bank
1140,C_1140,85342.88,US,I,true,bank
1141,C_1141,97121.78,US,I,false,bank
1142,C_1142,92285.58,US,I,false,bank
1143,C_1143,97749.04,US,I,false,bank
1144,C_1144,92266.39,US,I,false,bank
1145,C_1145,84354.67,US,I,false,bank
1146,C_1146,93789.93,US,I,false,bank
1147,C_1147,73406.37,US,I,false,bank
1148,C_1148,87724.52,US,I,false,bank
1149,C_1149,75820.34,US,I,false,bank
1150,C_1150,80311.92,US,I,false,bank
1151,C_1151,86489.52,US,I,false,bank
1152,C_1152,85286.98,US,I,false,bank
1153,C_1153,94436.30,US,I,false,bank
1154,C_1154,68845.01,US,I,false,bank
1155,C_1155,83087.99,US,I,false,bank
1156,C_1156,77904.20,US,I,false,bank
1157,C_1157,76773.30,US,I,false,bank
1158,C_1158,76726.76,US,I,false,bank
1159,C_1159,72788.94,US,I,false,bank
1160,C_1160,85961.41,US,I,false,bank
1161,C_1161,95574.08,US,I,false,bank
1162,C_1162,94135.67,US,I,false,bank
1163,C_1163,93709.32,US,I,false,bank
1164,C_1164,98233.35,US,I,false,bank
1165,C_1165,56905.62,US,I,false,bank
1166,C_1166,78096.52,US,I,false,bank
1167,C_1167,94353.36,US,I,true,bank
1168,C_1168,63640.38,US,I,false,bank
1169,C_1169,88543.03,US,I,false,bank
1170,C_1170,66031.14,US,I,false,bank
1171,C_1171,67584.17,US,I,false,bank
1172,C_1172,62741.10,US,I,false,bank
1173,C_1173,89443.51,US,I,false,bank
1174,C_1174,53097.08,US,I,false,bank
1175,C_1175,56125.03,US,I,false,bank
1176,C_1176,54506.58,US,I,false,bank
1177,C_1177,94157.30,US,I,false,bank
1178,C_1178,79914.52,US,I,false,bank
1179,C_1179,79735.24,US,I,false,bank
1180,C_1180,92030.56,US,I,false,bank
1181,C_1181,68498.24,US,I,false,bank
1182,C_1182,86089.97,US,I,false,bank
1183,C_1183,97587.86,US,I,false,bank
1184,C_1184,89291.45,US,I,false,bank
1185,C_1185,91281.95,US,I,false,bank
1186,C_1186,53943.56,US,I,false,bank
1187,C_1187,68477.05,US,I,true,bank
1188,C_1188,81172.37,US,I,false,bank
1189,C_1189,72770.28,US,I,false,bank
1190,C_1190,89347.21,US,I,false,bank
1191,C_1191,60382.58,US,I,false,bank
1192,C_1192,50415.19,US,I,false,bank
1193,C_1193,77085.55,US,I,false,bank
1194,C_1194,79150.02,US,I,false,bank
1195,C_1195,51548.56,US,I,false,bank
1196,C_1196,78951.40,US,I,false,bank
1197,C_1197,59614.24,US,I,false,bank
1198,C_1198,64867.77,US,I,false,bank
1199,C_1199,64835.12,US,I,false,bank
1200,C_1200,75598.46,US,I,false,bank
1201,C_1201,60130.12,US,I,false,bank
1202,C_1202,83489.83,US,I,false,bank
1203,C_1203,84953.26,US,I,false,bank
1204,C_1204,91341.42,US,I,false,bank
1205,C_1205,89090.49,US,I,false,bank
1206,C_1206,61021.31,US,I,false,bank
1207,C_1207,52336.69,US,I,false,bank
1208,C_1208,97236.29,US,I,false,bank
1209,C_1209,88346.30,US,I,false,bank
1210,C_1210,76971.34,US,I,false,bank
1211,C_1211,58909.76,US,I,false,bank
1212,C_1212,60748.79,US,I,false,bank
1213,C_1213,66772.57,US,I,false,bank
1214,C_1214,91169.20,US,I,false,bank
1215,C_1215,88845.58,US,I,false,bank
1216,C_1216,53167.20,US,I,false,bank
1217,C_1217,80277.07,US,I,false,bank
1218,C_1218,79167.83,US,I,false,bank
1219,C_1219,99285.36,US,I,false,bank
1220,C_1220,87349.97,US,I,false,bank
1221,C_1221,89300.58,US,I,false,bank
1222,C_1222,99504.91,US,I,false,bank
1223,C_1223,66474.63,US,I,false,bank
1224,C_1224,83825.73,US,I,false,bank
1225,C_1225,50313.88,US,I,false,bank
1226,C_1226,98415.61,US,I,false,bank
1227,C_1227,73185.30,US,I,false,bank
1228,C_1228,73497.51,US,I,true,bank
1229,C_1229,64347.20,US,I,false,bank
1230,C_1230,84327.42,US,I,false,bank
1231,C_1231,63219.94,US,I,false,bank
1232,C_1232,66158.79,US,I,false,bank
1233,C_1233,90368.25,US,I,false,bank
1234,C_1234,71518.97,US,I,false,bank
1235,C_1235,53336.05,US,I,false,bank
1236,C_1236,62794.15,US,I,false,bank
1237,C_1237,90873.56,US,I,false,bank
1238,C_1238,61425.25,US,I,true,bank
1239,C_1239,54139.51,US,I,false,bank
1240,C_1240,85721.93,US,I,false,bank
1241,C_1241,57456.72,US,I,false,bank
1242,C_1242,57922.69,US,I,false,bank
1243,C_1243,81925.58,US,I,false,bank
1244,C_1244,78312.73,US,I,false,bank
1245,C_1245,83600.38,US,I,false,bank
1246,C_1246,98895.23,US,I,false,bank
1247,C_1247,81492.67,US,I,false,bank
1248,C_1248,52473.06,US,I,false,bank
1249,C_1249,98796.26,US,I,false,bank
1250,C_1250,67430.38,US,I,false,bank
1251,C_1251,66497.36,US,I,false,bank
1252,C_1252,81025.86,US,I,false,bank
1253,C_1253,82180.48,US,I,false,bank
1254,C_1254,71330.35,US,I,false,bank
1255,C_1255,57961.51,US,I,false,bank
1256,C_1256,60052.58,US,I,false,bank
1257,C_1257,73517.67,US,I,false,bank
1258,C_1258,92195.00,US,I,false,bank
1259,C_1259,97160.55,US,I,false,bank
1260,C_1260,74042.02,US,I,false,bank
1261,C_1261,59469.79,US,I,false,bank
1262,C_1262,69938.96,US,I,false,bank
1263,C_1263,98715.46,US,I,false,bank
1264,C_1264,99376.20,US,I,true,bank
1265,C_1265,54527.12,US,I,false,bank
1266,C_1266,98283.06,US,I,false,bank
1267,C_1267,77112.25,US,I,false,bank
1268,C_1268,92820.46,US,I,false,bank
1269,C_1269,52029.11,US,I,false,bank
1270,C_1270,90749.09,US,I,false,bank
1271,C_1271,58362.43,US,I,false,bank
1272,C_1272,75244.19,US,I,false,bank
1273,C_1273,94533.60,US,I,false,bank
1274,C_1274,67105.05,US,I,false,bank
1275,C_1275,74732.17,US,I,false,bank
1276,C_1276,66047.90,US,I,false,bank
1277,C_1277,73608.80,US,I,false,bank
1278,C_1278,50685.95,US,I,false,bank
1279,C_1279,56905.92,US,I,false,bank
1280,C_1280,93120.60,US,I,false,bank
1281,C_1281,97138.48,US,I,false,bank
1282,C_1282,66734.46,US,I,false,bank
1283,C_1283,80907.91,US,I,false,bank
1284,C_1284,60708.50,US,I,false,bank
1285,C_1285,53599.46,US,I,false,bank
1286,C_1286,94543.41,US,I,false,bank
1287,C_1287,50253.91,US,I,false,bank
1288,C_1288,69324.23,US,I,false,bank
1289,C_1289,89232.39,US,I,false,bank
1290,C_1290,72206.74,US,I,false,bank
1291,C_1291,85713.87,US,I,false,bank
1292,C_1292,91262.02,US,I,false,bank
1293,C_1293,82769.97,US,I,false,bank
1294,C_1294,92905.24,US,I,false,bank
1295,C_1295,84046.47,US,I,false,bank
1296,C_1296,58843.72,US,I,false,bank
1297,C_1297,67026.81,US,I,false,bank
1298,C_1298,58044.38,US,I,false,bank
1299,C_1299,52243.61,US,I,false,bank
1300,C_1300,54364.10,US,I,false,bank
1301,C_1301,58048.54,US,I,false,bank
1302,C_1302,93827.35,US,I,false,bank
1303,C_1303,51453.26,US,I,true,bank
1304,C_1304,59917.20,US,I,false,bank
1305,C_1305,87956.54,US,I,false,bank
1306,C_1306,90499.37,US,I,false,bank
1307,C_1307,89411.07,US,I,false,bank
1308,C_1308,97227.37,US,I,false,bank
1309,C_1309,70018.59,US,I,false,bank
1310,C_1310,96569.42,US,I,false,bank
1311,C_1311,94987.31,US,I,true,bank
1312,C_1312,74025.83,US,I,false,bank
1313,C_1313,65574.89,US,I,false,bank
1314,C_1314,61689.29,US,I,false,bank
1315,C_1315,54510.27,US,I,false,bank
1316,C_1316,67167.96,US,I,false,bank
1317,C_1317,96942.16,US,I,false,bank
1318,C_1318,91777.58,US,I,false,bank
1319,C_1319,73531.28,US,I,false,bank
1320,C_1320,87865.92,US,I,false,bank
1321,C_1321,76236.89,US,I,false,bank
1322,C_1322,87547.48,US,I,false,bank
1323,C_1323,66349.16,US,I,false,bank
1324,C_1324,58931.32,US,I,false,bank
1325,C_1325,74940.52,US,I,false,bank
1326,C_1326,84650.89,US,I,false,bank
1327,C_1327,86154.28,US,I,false,bank
1328,C_1328,80252.18,US,I,false,bank
1329,C_1329,70651.70,US,I,false,bank
1330,C_1330,91792.94,US,I,false,bank
1331,C_1331,59272.87,US,I,false,bank
1332,C_1332,82676.18,US,I,false,bank
1333,C_1333,76743.15,US,I,false,bank
1334,C_1334,60894.01,US,I,false,bank
1335,C_1335,79641.56,US,I,false,bank
1336,C_1336,91207.16,US,I,false,bank
1337,C_1337,89492.08,US,I,false,bank
1338,C_1338,84274.84,US,I,false,bank
1339,C_1339,95093.76,US,I,false,bank
1340,C_1340,96518.12,US,I,false,bank
1341,C_1341,91839.58,US,I,false,bank
1342,C_1342,65519.28,US,I,false,bank
1343,C_1343,60978.93,US,I,false,bank
1344,C_1344,74617.96,US,I,false,bank
1345,C_1345,92047.16,US,I,false,bank
1346,C_1346,54915.93,US,I,false,bank
1347,C_1347,81318.25,US,I,false,bank
1348,C_1348,95903.29,US,I,false,bank
1349,C_1349,85747.62,US,I,false,bank
1350,C_1350,73887.79,US,I,false,bank
1351,C_1351,97997.15,US,I,false,bank
1352,C_1352,88699.88,US,I,false,bank
1353,C_1353,50426.22,US,I,false,bank
1354,C_1354,95832.40,US,I,false,bank
1355,C_1355,80670.96,US,I,false,bank
1356,C_1356,68990.15,US,I,false,bank
1357,C_1357,51857.56,US,I,false,bank
1358,C_1358,77458.22,US,I,false,bank
1359,C_1359,56800.73,US,I,false,bank
1360,C_1360,68843.65,US,I,false,bank
1361,C_1361,61028.84,US,I,false,bank
1362,C_1362,53857.16,US,I,false,bank
1363,C_1363,88321.65,US,I,false,bank
1364,C_1364,67151.72,US,I,false,bank
1365,C_1365,73826.24,US,I,false,bank
1366,C_1366,76609.59,US,I,false,bank
1367,C_1367,86444.31,US,I,false,bank
1368,C_1368,85669.73,US,I,false,bank
1369,C_1369,63326.72,US,I,false,bank
1370,C_1370,53940.85,US,I,false,bank
1371,C_1371,72946.15,US,I,false,bank
1372,C_1372,63507.37,US,I,false,bank
1373,C_1373,75434.90,US,I,false,bank
1374,C_1374,50172.34,US,I,false,bank
1375,C_1375,59494.54,US,I,false,bank
1376,C_1376,66703.76,US,I,false,bank
1377,C_1377,91238.25,US,I,false,bank
1378,C_1378,73453.55,US,I,false,bank
1379,C_1379,97259.12,US,I,false,bank
1380,C_1380,58293.03,US,I,false,bank
1381,C_1381,87711.07,US,I,false,bank
1382,C_1382,73603.65,US,I,false,bank
1383,C_1383,59728.13,US,I,false,bank
1384,C_1384,62882.88,US,I,false,bank
1385,C_1385,86929.44,US,I,false,bank
1386,C_1386,54206.49,US,I,false,bank
1387,C_1387,52383.48,US,I,false,bank
1388,C_1388,75318.13,US,I,false,bank
1389,C_1389,69151.09,US,I,false,bank
1390,C_1390,78570.89,US,I,false,bank
1391,C_1391,85618.22,US,I,false,bank
1392,C_1392,56194.86,US,I,false,bank
1393,C_1393,76753.68,US,I,true,bank
1394,C_1394,69667.29,US,I,false,bank
1395,C_1395,57115.61,US,I,false,bank
1396,C_1396,54992.56,US,I,false,bank
1397,C_1397,61663.24,US,I,false,bank
1398,C_1398,83267.83,US,I,false,bank
1399,C_1399,77189.04,US,I,false,bank
1400,C_1400,87998.55,US,I,false,bank
1401,C_1401,68978.32,US,I,false,bank
1402,C_1402,76791.83,US,I,false,bank
1403,C_1403,50855.33,US,I,false,bank
1404,C_1404,91282.96,US,I,false,bank
1405,C_1405,59233.71,US,I,false,bank
1406,C_1406,52516.31,US,I,false,bank
1407,C_1407,72024.89,US,I,false,bank
1408,C_1408,74495.55,US,I,false,bank
1409,C_1409,88230.56,US,I,false,bank
1410,C_1410,57494.17,US,I,false,bank
1411,C_1411,68218.09,US,I,false,bank
1412,C_1412,88562.12,US,I,false,bank
1413,C_1413,84003.45,US,I,false,bank
1414,C_1414,81687.98,US,I,false,bank
1415,C_1415,85809.22,US,I,false,bank
1416,C_1416,55651.23,US,I,true,bank
1417,C_1417,93646.30,US,I,false,bank
1418,C_1418,64969.11,US,I,false,bank
1419,C_1419,75660.84,US,I,false,bank
1420,C_1420,90897.96,US,I,false,bank
1421,C_1421,95669.06,US,I,false,bank
1422,C_1422,74294.20,US,I,false,bank
1423,C_1423,61914.57,US,I,false,bank
1424,C_1424,80904.16,US,I,false,bank
1425,C_1425,58113.98,US,I,false,bank
1426,C_1426,60236.95,US,I,false,bank
1427,C_1427,93349.54,US,I,false,bank
1428,C_1428,67427.84,US,I,false,bank
1429,C_1429,59263.46,US,I,false,bank
1430,C_1430,81642.63,US,I,false,bank
1431,C_1431,79100.54,US,I,false,bank
1432,C_1432,52943.81,US,I,false,bank
1433,C_1433,98362.20,US,I,false,bank
1434,C_1434,67428.94,US,I,false,bank
1435,C_1435,59160.54,US,I,false,bank
1436,C_1436,71078.19,US,I,false,bank
1437,C_1437,95315.42,US,I,false,bank
1438,C_1438,98761.26,US,I,false,bank
1439,C_1439,50897.28,US,I,false,bank
1440,C_1440,95536.12,US,I,false,bank
1441,C_1441,61754.39,US,I,false,bank
1442,C_1442,88437.72,US,I,false,bank
1443,C_1443,84987.77,US,I,false,bank
1444,C_1444,50857.55,US,I,false,bank
1445,C_1445,75294.22,US,I,false,bank
